<?xml version="1.0" encoding="UTF-8"?>
<manifest>
	<application>
		<name>签到中心</name>                  			<!-- 必填 应用名称，将显示在应用列表中 -->
		<alias>yhcms_qiandao</alias>	                <!-- 必填 不可重复 应用别名，和目录包名保持一致， 用于系统唯一标识该应用，
                                                             格式为(公司或个人名_英文别名)，例如phpwind_bank-->
		<version>1.0.0</version>	                  		<!-- 必填 应用版本信息 -->
		<pw-version>9.0</pw-version>                	<!-- 必填 支持的PW版本信息，多个版本用逗号分割 -->
		<description>为了统计用户访问量和签到次数，促进社区的人与人关系。</description><!-- 可选 应用描述信息，将显示在应用列表，用来描述应用特点、案例、使用方式等 -->
		<logo>http://oss.aliyuncs.com/phpwindnet/open/icon/200813525778136522.jpg</logo>					<!-- 可选 应用的图标地址 -->
		<type>app</type>								<!-- 必填 应用类型，应用=>app,风格=>style -->
		<charset>UTF-8</charset>		          		<!-- 必填 应用编码信息，标识该应用包的编码类型 -->
		<website>http://www.yhcms.com</website>	  	<!-- 可选 应用主页信息 -->
		<author-name>芸烩工作室</author-name>		          		<!-- 可选 作者名称 -->
		<author-email>admin@yhcms.com</author-email>		<!-- 可选 作者email -->
		<author-icon></author-icon>	                  	<!-- 可选 作者头像 -->
	</application>
	<res>res</res>
	<!-- 数据注册 -->
	<!-- 需要执行的sql语句请放在应用目录下的conf/data.sql文件中 -->
	
	<!-- 安装程序时需要调用的安装服 -->
	<installation-service>appList</installation-service><!-- appList表示添加到前台应用中心列表 -->
	<inject-services>
		<hook-name name="s_Yhqdao_app">
			<alias name="Yhqdao">
				<class>EXT:yhcms_qiandao.Yhqdao</class>
				<loadway>load</loadway>
				<method>getConfig</method>
			</alias>
		</hook-name>
	</inject-services>

</manifest>
